Title,Company,Location,Source
Lead Data Engineer,Open Architects,Remote,RemoteOK
Lead Software Engineer II Backend,Best Egg,Remote,RemoteOK
Senior Python Backend Engineer,Orga AI,Remote,RemoteOK
Data Engineer II,TrueML,Remote,RemoteOK
Senior Scientific Software Engineer Magnet Protection Systems,Commonwealth Fusion Systems,Remote,RemoteOK
Senior Site Reliability Engineer ML Platforms,2100 NVIDIA USA,Remote,RemoteOK
Site Reliability Engineer,Tinybird,Remote,RemoteOK
Senior AI Engineer Python & LLM Engineer,Lemon.io,Remote,RemoteOK
Senior Systems Engineer Autonomous Vehicle Infrastructure,2100 NVIDIA USA,Remote,RemoteOK
Data Analyst Canada Wide,Newton,Remote,RemoteOK
Data Analyst,Foodsmart,Remote,RemoteOK
Testing Engineer,Trial Library,Remote,RemoteOK
Werkstudent im Bereich SAP & Cloud Automation,Public Cloud Group,Remote,RemoteOK
Senior Data Analytics Engineer,Fullscript,Remote,RemoteOK
Senior Software Engineer,Nava,Remote,RemoteOK
Backend Software Engineer,Firework,Remote,RemoteOK
Workflow Engineer,Serotonin,Remote,RemoteOK
Software Engineer Data,Gauntlet,Remote,RemoteOK
Senior Software Developer HPC Cluster Management,2100 NVIDIA USA,Remote,RemoteOK
Principal Software Engineer,Shippo,Remote,RemoteOK
