Title,Company,Location,Source,Date,URL
Lead Data Engineer,Open Architects,ğŸ‡ºğŸ‡¸ United States,RemoteOK,2025-07-09,https://remoteok.com/remote-python-jobs
Lead Software Engineer II Backend,Best Egg,ğŸŒ Worldwide,RemoteOK,2025-07-09,https://remoteok.com/remote-python-jobs
Senior Python Backend Engineer,Orga AI,ğŸŒ Worldwide,RemoteOK,2025-07-09,https://remoteok.com/remote-python-jobs
Data Engineer II,TrueML,ğŸŒ Probably worldwide,RemoteOK,2025-07-09,https://remoteok.com/remote-python-jobs
Senior Scientific Software Engineer Magnet Protection Systems,Commonwealth Fusion Systems,"Devens, MA",RemoteOK,2025-07-09,https://remoteok.com/remote-python-jobs
Senior Site Reliability Engineer ML Platforms,2100 NVIDIA USA,ğŸ‡ºğŸ‡¸ United States,RemoteOK,2025-07-09,https://remoteok.com/remote-python-jobs
Site Reliability Engineer,Tinybird,ğŸŒ Probably worldwide,RemoteOK,2025-07-09,https://remoteok.com/remote-python-jobs
Senior AI Engineer Python & LLM Engineer,Lemon.io,ğŸ‡¦ğŸ‡± Albania,RemoteOK,2025-07-09,https://remoteok.com/remote-python-jobs
Senior Systems Engineer Autonomous Vehicle Infrastructure,2100 NVIDIA USA,ğŸ‡ºğŸ‡¸ United States,RemoteOK,2025-07-09,https://remoteok.com/remote-python-jobs
Data Analyst Canada Wide,Newton,ğŸ‡¨ğŸ‡¦ Canada,RemoteOK,2025-07-09,https://remoteok.com/remote-python-jobs
Data Analyst,Foodsmart,ğŸ‡ºğŸ‡¸ United States,RemoteOK,2025-07-09,https://remoteok.com/remote-python-jobs
Testing Engineer,Trial Library,"San Francisco, CA",RemoteOK,2025-07-09,https://remoteok.com/remote-python-jobs
Werkstudent im Bereich SAP & Cloud Automation,Public Cloud Group,Alle,RemoteOK,2025-07-09,https://remoteok.com/remote-python-jobs
Senior Data Analytics Engineer,Fullscript,ğŸŒ Probably worldwide,RemoteOK,2025-07-09,https://remoteok.com/remote-python-jobs
Senior Software Engineer,Nava,ğŸŒ Worldwide,RemoteOK,2025-07-09,https://remoteok.com/remote-python-jobs
Backend Software Engineer,Firework,ğŸ‡¨ğŸ‡¦ Canada,RemoteOK,2025-07-09,https://remoteok.com/remote-python-jobs
Workflow Engineer,Serotonin,ğŸŒ Probably worldwide,RemoteOK,2025-07-09,https://remoteok.com/remote-python-jobs
Software Engineer Data,Gauntlet,ğŸŒ Worldwide,RemoteOK,2025-07-09,https://remoteok.com/remote-python-jobs
Senior Software Developer HPC Cluster Management,2100 NVIDIA USA,ğŸ‡ºğŸ‡¸ United States,RemoteOK,2025-07-09,https://remoteok.com/remote-python-jobs
Principal Software Engineer,Shippo,ğŸ‡ºğŸ‡¸ United States,RemoteOK,2025-07-09,https://remoteok.com/remote-python-jobs
